https://spotifycharts.com/regional/global/daily/2020-01-03/download,2020-01-03
https://spotifycharts.com/regional/global/daily/2020-01-04/download,2020-01-04
https://spotifycharts.com/regional/global/daily/2020-01-05/download,2020-01-05
https://spotifycharts.com/regional/global/daily/2020-01-06/download,2020-01-06
https://spotifycharts.com/regional/global/daily/2020-01-07/download,2020-01-07
https://spotifycharts.com/regional/global/daily/2020-01-08/download,2020-01-08
https://spotifycharts.com/regional/global/daily/2020-01-09/download,2020-01-09
https://spotifycharts.com/regional/global/daily/2020-01-10/download,2020-01-10
https://spotifycharts.com/regional/global/daily/2020-01-11/download,2020-01-11
https://spotifycharts.com/regional/global/daily/2020-01-12/download,2020-01-12
https://spotifycharts.com/regional/global/daily/2020-01-13/download,2020-01-13
https://spotifycharts.com/regional/global/daily/2020-01-14/download,2020-01-14
https://spotifycharts.com/regional/global/daily/2020-01-15/download,2020-01-15
https://spotifycharts.com/regional/global/daily/2020-01-16/download,2020-01-16
https://spotifycharts.com/regional/global/daily/2020-01-17/download,2020-01-17
https://spotifycharts.com/regional/global/daily/2020-01-18/download,2020-01-18
https://spotifycharts.com/regional/global/daily/2020-01-19/download,2020-01-19
https://spotifycharts.com/regional/global/daily/2020-01-20/download,2020-01-20
https://spotifycharts.com/regional/global/daily/2020-01-21/download,2020-01-21
https://spotifycharts.com/regional/global/daily/2020-01-22/download,2020-01-22
https://spotifycharts.com/regional/global/daily/2020-01-23/download,2020-01-23
https://spotifycharts.com/regional/global/daily/2020-01-24/download,2020-01-24
https://spotifycharts.com/regional/global/daily/2020-01-25/download,2020-01-25
https://spotifycharts.com/regional/global/daily/2020-01-26/download,2020-01-26
https://spotifycharts.com/regional/global/daily/2020-01-27/download,2020-01-27
https://spotifycharts.com/regional/global/daily/2020-01-28/download,2020-01-28
https://spotifycharts.com/regional/global/daily/2020-01-29/download,2020-01-29
https://spotifycharts.com/regional/global/daily/2020-01-30/download,2020-01-30
https://spotifycharts.com/regional/global/daily/2020-01-31/download,2020-01-31
https://spotifycharts.com/regional/global/daily/2020-02-01/download,2020-02-01
https://spotifycharts.com/regional/global/daily/2020-02-02/download,2020-02-02
https://spotifycharts.com/regional/global/daily/2020-02-03/download,2020-02-03
https://spotifycharts.com/regional/global/daily/2020-02-04/download,2020-02-04
https://spotifycharts.com/regional/global/daily/2020-02-05/download,2020-02-05
https://spotifycharts.com/regional/global/daily/2020-02-06/download,2020-02-06
https://spotifycharts.com/regional/global/daily/2020-02-07/download,2020-02-07
https://spotifycharts.com/regional/global/daily/2020-02-08/download,2020-02-08
https://spotifycharts.com/regional/global/daily/2020-02-09/download,2020-02-09
https://spotifycharts.com/regional/global/daily/2020-02-10/download,2020-02-10
https://spotifycharts.com/regional/global/daily/2020-02-11/download,2020-02-11
https://spotifycharts.com/regional/global/daily/2020-02-12/download,2020-02-12
https://spotifycharts.com/regional/global/daily/2020-02-13/download,2020-02-13
https://spotifycharts.com/regional/global/daily/2020-02-14/download,2020-02-14
https://spotifycharts.com/regional/global/daily/2020-02-15/download,2020-02-15
https://spotifycharts.com/regional/global/daily/2020-02-16/download,2020-02-16
https://spotifycharts.com/regional/global/daily/2020-02-17/download,2020-02-17
https://spotifycharts.com/regional/global/daily/2020-02-18/download,2020-02-18
https://spotifycharts.com/regional/global/daily/2020-02-19/download,2020-02-19
https://spotifycharts.com/regional/global/daily/2020-02-20/download,2020-02-20
https://spotifycharts.com/regional/global/daily/2020-02-21/download,2020-02-21
https://spotifycharts.com/regional/global/daily/2020-02-22/download,2020-02-22
https://spotifycharts.com/regional/global/daily/2020-02-23/download,2020-02-23
https://spotifycharts.com/regional/global/daily/2020-02-24/download,2020-02-24
https://spotifycharts.com/regional/global/daily/2020-02-25/download,2020-02-25
https://spotifycharts.com/regional/global/daily/2020-02-26/download,2020-02-26
https://spotifycharts.com/regional/global/daily/2020-02-27/download,2020-02-27
https://spotifycharts.com/regional/global/daily/2020-02-28/download,2020-02-28
https://spotifycharts.com/regional/global/daily/2020-02-29/download,2020-02-29
https://spotifycharts.com/regional/global/daily/2020-03-01/download,2020-03-01
https://spotifycharts.com/regional/global/daily/2020-03-02/download,2020-03-02
https://spotifycharts.com/regional/global/daily/2020-03-03/download,2020-03-03
https://spotifycharts.com/regional/global/daily/2020-03-04/download,2020-03-04
https://spotifycharts.com/regional/global/daily/2020-03-05/download,2020-03-05
https://spotifycharts.com/regional/global/daily/2020-03-06/download,2020-03-06
https://spotifycharts.com/regional/global/daily/2020-03-07/download,2020-03-07
https://spotifycharts.com/regional/global/daily/2020-03-08/download,2020-03-08
https://spotifycharts.com/regional/global/daily/2020-03-09/download,2020-03-09
https://spotifycharts.com/regional/global/daily/2020-03-10/download,2020-03-10
https://spotifycharts.com/regional/global/daily/2020-03-11/download,2020-03-11
https://spotifycharts.com/regional/global/daily/2020-03-12/download,2020-03-12
https://spotifycharts.com/regional/global/daily/2020-03-13/download,2020-03-13
https://spotifycharts.com/regional/global/daily/2020-03-14/download,2020-03-14
https://spotifycharts.com/regional/global/daily/2020-03-15/download,2020-03-15
https://spotifycharts.com/regional/global/daily/2020-03-16/download,2020-03-16
https://spotifycharts.com/regional/global/daily/2020-03-17/download,2020-03-17
https://spotifycharts.com/regional/global/daily/2020-03-18/download,2020-03-18
https://spotifycharts.com/regional/global/daily/2020-03-19/download,2020-03-19
https://spotifycharts.com/regional/global/daily/2020-03-20/download,2020-03-20
https://spotifycharts.com/regional/global/daily/2020-03-21/download,2020-03-21
https://spotifycharts.com/regional/global/daily/2020-03-22/download,2020-03-22
https://spotifycharts.com/regional/global/daily/2020-03-23/download,2020-03-23
https://spotifycharts.com/regional/global/daily/2020-03-24/download,2020-03-24
https://spotifycharts.com/regional/global/daily/2020-03-25/download,2020-03-25
https://spotifycharts.com/regional/global/daily/2020-03-26/download,2020-03-26
https://spotifycharts.com/regional/global/daily/2020-03-27/download,2020-03-27
https://spotifycharts.com/regional/global/daily/2020-03-28/download,2020-03-28
https://spotifycharts.com/regional/global/daily/2020-03-29/download,2020-03-29
https://spotifycharts.com/regional/global/daily/2020-03-30/download,2020-03-30
https://spotifycharts.com/regional/global/daily/2020-03-31/download,2020-03-31
https://spotifycharts.com/regional/global/daily/2020-04-01/download,2020-04-01
https://spotifycharts.com/regional/global/daily/2020-04-02/download,2020-04-02
https://spotifycharts.com/regional/global/daily/2020-04-03/download,2020-04-03
https://spotifycharts.com/regional/global/daily/2020-04-04/download,2020-04-04
https://spotifycharts.com/regional/global/daily/2020-04-05/download,2020-04-05
https://spotifycharts.com/regional/global/daily/2020-04-06/download,2020-04-06
https://spotifycharts.com/regional/global/daily/2020-04-07/download,2020-04-07
https://spotifycharts.com/regional/global/daily/2020-04-08/download,2020-04-08
https://spotifycharts.com/regional/global/daily/2020-04-09/download,2020-04-09
https://spotifycharts.com/regional/global/daily/2020-04-10/download,2020-04-10
https://spotifycharts.com/regional/global/daily/2020-04-11/download,2020-04-11
https://spotifycharts.com/regional/global/daily/2020-04-12/download,2020-04-12
https://spotifycharts.com/regional/global/daily/2020-04-13/download,2020-04-13
https://spotifycharts.com/regional/global/daily/2020-04-14/download,2020-04-14
https://spotifycharts.com/regional/global/daily/2020-04-15/download,2020-04-15
https://spotifycharts.com/regional/global/daily/2020-04-16/download,2020-04-16
https://spotifycharts.com/regional/global/daily/2020-04-17/download,2020-04-17
https://spotifycharts.com/regional/global/daily/2020-04-18/download,2020-04-18
https://spotifycharts.com/regional/global/daily/2020-04-19/download,2020-04-19
https://spotifycharts.com/regional/global/daily/2020-04-20/download,2020-04-20
https://spotifycharts.com/regional/global/daily/2020-04-21/download,2020-04-21
https://spotifycharts.com/regional/global/daily/2020-04-22/download,2020-04-22
https://spotifycharts.com/regional/global/daily/2020-04-23/download,2020-04-23
https://spotifycharts.com/regional/global/daily/2020-04-24/download,2020-04-24
https://spotifycharts.com/regional/global/daily/2020-04-25/download,2020-04-25
https://spotifycharts.com/regional/global/daily/2020-04-26/download,2020-04-26
https://spotifycharts.com/regional/global/daily/2020-04-27/download,2020-04-27
https://spotifycharts.com/regional/global/daily/2020-04-28/download,2020-04-28
https://spotifycharts.com/regional/global/daily/2020-04-29/download,2020-04-29
https://spotifycharts.com/regional/global/daily/2020-04-30/download,2020-04-30
https://spotifycharts.com/regional/global/daily/2020-05-01/download,2020-05-01
https://spotifycharts.com/regional/global/daily/2020-05-02/download,2020-05-02
https://spotifycharts.com/regional/global/daily/2020-05-03/download,2020-05-03
https://spotifycharts.com/regional/global/daily/2020-05-04/download,2020-05-04
https://spotifycharts.com/regional/global/daily/2020-05-05/download,2020-05-05
https://spotifycharts.com/regional/global/daily/2020-05-06/download,2020-05-06
https://spotifycharts.com/regional/global/daily/2020-05-07/download,2020-05-07
https://spotifycharts.com/regional/global/daily/2020-05-08/download,2020-05-08
https://spotifycharts.com/regional/global/daily/2020-05-09/download,2020-05-09
https://spotifycharts.com/regional/global/daily/2020-05-10/download,2020-05-10
https://spotifycharts.com/regional/global/daily/2020-05-11/download,2020-05-11
https://spotifycharts.com/regional/global/daily/2020-05-12/download,2020-05-12
https://spotifycharts.com/regional/global/daily/2020-05-13/download,2020-05-13
https://spotifycharts.com/regional/global/daily/2020-05-14/download,2020-05-14
https://spotifycharts.com/regional/global/daily/2020-05-15/download,2020-05-15
https://spotifycharts.com/regional/global/daily/2020-05-16/download,2020-05-16
https://spotifycharts.com/regional/global/daily/2020-05-17/download,2020-05-17
https://spotifycharts.com/regional/global/daily/2020-05-18/download,2020-05-18
https://spotifycharts.com/regional/global/daily/2020-05-19/download,2020-05-19
https://spotifycharts.com/regional/global/daily/2020-05-20/download,2020-05-20
https://spotifycharts.com/regional/global/daily/2020-05-21/download,2020-05-21
https://spotifycharts.com/regional/global/daily/2020-05-22/download,2020-05-22
https://spotifycharts.com/regional/global/daily/2020-05-23/download,2020-05-23
https://spotifycharts.com/regional/global/daily/2020-05-24/download,2020-05-24
https://spotifycharts.com/regional/global/daily/2020-05-25/download,2020-05-25
https://spotifycharts.com/regional/global/daily/2020-05-26/download,2020-05-26
https://spotifycharts.com/regional/global/daily/2020-05-27/download,2020-05-27
https://spotifycharts.com/regional/global/daily/2020-05-28/download,2020-05-28
https://spotifycharts.com/regional/global/daily/2020-05-29/download,2020-05-29
https://spotifycharts.com/regional/global/daily/2020-05-30/download,2020-05-30
https://spotifycharts.com/regional/global/daily/2020-05-31/download,2020-05-31
https://spotifycharts.com/regional/global/daily/2020-06-01/download,2020-06-01
https://spotifycharts.com/regional/global/daily/2020-06-02/download,2020-06-02
https://spotifycharts.com/regional/global/daily/2020-06-03/download,2020-06-03
https://spotifycharts.com/regional/global/daily/2020-06-04/download,2020-06-04
https://spotifycharts.com/regional/global/daily/2020-06-05/download,2020-06-05
https://spotifycharts.com/regional/global/daily/2020-06-06/download,2020-06-06
https://spotifycharts.com/regional/global/daily/2020-06-07/download,2020-06-07
https://spotifycharts.com/regional/global/daily/2020-06-08/download,2020-06-08
https://spotifycharts.com/regional/global/daily/2020-06-09/download,2020-06-09
https://spotifycharts.com/regional/global/daily/2020-06-10/download,2020-06-10
https://spotifycharts.com/regional/global/daily/2020-06-11/download,2020-06-11
https://spotifycharts.com/regional/global/daily/2020-06-12/download,2020-06-12
https://spotifycharts.com/regional/global/daily/2020-06-13/download,2020-06-13
https://spotifycharts.com/regional/global/daily/2020-06-14/download,2020-06-14
https://spotifycharts.com/regional/global/daily/2020-06-15/download,2020-06-15
https://spotifycharts.com/regional/global/daily/2020-06-16/download,2020-06-16
https://spotifycharts.com/regional/global/daily/2020-06-17/download,2020-06-17
https://spotifycharts.com/regional/global/daily/2020-06-18/download,2020-06-18
https://spotifycharts.com/regional/global/daily/2020-06-19/download,2020-06-19
https://spotifycharts.com/regional/global/daily/2020-06-20/download,2020-06-20
https://spotifycharts.com/regional/global/daily/2020-06-21/download,2020-06-21
https://spotifycharts.com/regional/global/daily/2020-06-22/download,2020-06-22
https://spotifycharts.com/regional/global/daily/2020-06-23/download,2020-06-23
https://spotifycharts.com/regional/global/daily/2020-06-24/download,2020-06-24
https://spotifycharts.com/regional/global/daily/2020-06-25/download,2020-06-25
https://spotifycharts.com/regional/global/daily/2020-06-26/download,2020-06-26
https://spotifycharts.com/regional/global/daily/2020-06-27/download,2020-06-27
https://spotifycharts.com/regional/global/daily/2020-06-28/download,2020-06-28
https://spotifycharts.com/regional/global/daily/2020-06-29/download,2020-06-29
https://spotifycharts.com/regional/global/daily/2020-06-30/download,2020-06-30
https://spotifycharts.com/regional/global/daily/2020-07-01/download,2020-07-01
https://spotifycharts.com/regional/global/daily/2020-07-02/download,2020-07-02
https://spotifycharts.com/regional/global/daily/2020-07-03/download,2020-07-03
https://spotifycharts.com/regional/global/daily/2020-07-04/download,2020-07-04
https://spotifycharts.com/regional/global/daily/2020-07-05/download,2020-07-05
https://spotifycharts.com/regional/global/daily/2020-07-06/download,2020-07-06
https://spotifycharts.com/regional/global/daily/2020-07-07/download,2020-07-07
https://spotifycharts.com/regional/global/daily/2020-07-08/download,2020-07-08
https://spotifycharts.com/regional/global/daily/2020-07-09/download,2020-07-09
https://spotifycharts.com/regional/global/daily/2020-07-10/download,2020-07-10
https://spotifycharts.com/regional/global/daily/2020-07-11/download,2020-07-11
https://spotifycharts.com/regional/global/daily/2020-07-12/download,2020-07-12
https://spotifycharts.com/regional/global/daily/2020-07-13/download,2020-07-13
https://spotifycharts.com/regional/global/daily/2020-07-14/download,2020-07-14
https://spotifycharts.com/regional/global/daily/2020-07-15/download,2020-07-15
https://spotifycharts.com/regional/global/daily/2020-07-16/download,2020-07-16
https://spotifycharts.com/regional/global/daily/2020-07-17/download,2020-07-17
https://spotifycharts.com/regional/global/daily/2020-07-18/download,2020-07-18
https://spotifycharts.com/regional/global/daily/2020-07-19/download,2020-07-19
https://spotifycharts.com/regional/global/daily/2020-07-20/download,2020-07-20
https://spotifycharts.com/regional/global/daily/2020-07-21/download,2020-07-21
https://spotifycharts.com/regional/global/daily/2020-07-22/download,2020-07-22
https://spotifycharts.com/regional/global/daily/2020-07-23/download,2020-07-23
https://spotifycharts.com/regional/global/daily/2020-07-24/download,2020-07-24
https://spotifycharts.com/regional/global/daily/2020-07-25/download,2020-07-25
https://spotifycharts.com/regional/global/daily/2020-07-26/download,2020-07-26
https://spotifycharts.com/regional/global/daily/2020-07-27/download,2020-07-27
https://spotifycharts.com/regional/global/daily/2020-07-28/download,2020-07-28
https://spotifycharts.com/regional/global/daily/2020-07-29/download,2020-07-29
https://spotifycharts.com/regional/global/daily/2020-07-30/download,2020-07-30
https://spotifycharts.com/regional/global/daily/2020-07-31/download,2020-07-31
https://spotifycharts.com/regional/global/daily/2020-08-01/download,2020-08-01
https://spotifycharts.com/regional/global/daily/2020-08-02/download,2020-08-02
https://spotifycharts.com/regional/global/daily/2020-08-03/download,2020-08-03
https://spotifycharts.com/regional/global/daily/2020-08-04/download,2020-08-04
https://spotifycharts.com/regional/global/daily/2020-08-05/download,2020-08-05
https://spotifycharts.com/regional/global/daily/2020-08-06/download,2020-08-06
https://spotifycharts.com/regional/global/daily/2020-08-07/download,2020-08-07
https://spotifycharts.com/regional/global/daily/2020-08-08/download,2020-08-08
https://spotifycharts.com/regional/global/daily/2020-08-09/download,2020-08-09
https://spotifycharts.com/regional/global/daily/2020-08-10/download,2020-08-10
https://spotifycharts.com/regional/global/daily/2020-08-11/download,2020-08-11
https://spotifycharts.com/regional/global/daily/2020-08-12/download,2020-08-12
https://spotifycharts.com/regional/global/daily/2020-08-13/download,2020-08-13
https://spotifycharts.com/regional/global/daily/2020-08-14/download,2020-08-14
https://spotifycharts.com/regional/global/daily/2020-08-15/download,2020-08-15
https://spotifycharts.com/regional/global/daily/2020-08-16/download,2020-08-16
https://spotifycharts.com/regional/global/daily/2020-08-17/download,2020-08-17
https://spotifycharts.com/regional/global/daily/2020-08-18/download,2020-08-18
https://spotifycharts.com/regional/global/daily/2020-08-19/download,2020-08-19
https://spotifycharts.com/regional/global/daily/2020-08-20/download,2020-08-20
https://spotifycharts.com/regional/global/daily/2020-08-21/download,2020-08-21
https://spotifycharts.com/regional/global/daily/2020-08-22/download,2020-08-22
https://spotifycharts.com/regional/global/daily/2020-08-23/download,2020-08-23
https://spotifycharts.com/regional/global/daily/2020-08-24/download,2020-08-24
https://spotifycharts.com/regional/global/daily/2020-08-25/download,2020-08-25
https://spotifycharts.com/regional/global/daily/2020-08-26/download,2020-08-26
https://spotifycharts.com/regional/global/daily/2020-08-27/download,2020-08-27
https://spotifycharts.com/regional/global/daily/2020-08-28/download,2020-08-28
https://spotifycharts.com/regional/global/daily/2020-08-29/download,2020-08-29
https://spotifycharts.com/regional/global/daily/2020-08-30/download,2020-08-30
https://spotifycharts.com/regional/global/daily/2020-08-31/download,2020-08-31
https://spotifycharts.com/regional/global/daily/2020-09-01/download,2020-09-01
https://spotifycharts.com/regional/global/daily/2020-09-02/download,2020-09-02
https://spotifycharts.com/regional/global/daily/2020-09-03/download,2020-09-03
https://spotifycharts.com/regional/global/daily/2020-09-04/download,2020-09-04
https://spotifycharts.com/regional/global/daily/2020-09-05/download,2020-09-05
https://spotifycharts.com/regional/global/daily/2020-09-06/download,2020-09-06
https://spotifycharts.com/regional/global/daily/2020-09-07/download,2020-09-07
https://spotifycharts.com/regional/global/daily/2020-09-08/download,2020-09-08
https://spotifycharts.com/regional/global/daily/2020-09-09/download,2020-09-09
https://spotifycharts.com/regional/global/daily/2020-09-10/download,2020-09-10
https://spotifycharts.com/regional/global/daily/2020-09-11/download,2020-09-11
https://spotifycharts.com/regional/global/daily/2020-09-12/download,2020-09-12
https://spotifycharts.com/regional/global/daily/2020-09-13/download,2020-09-13
https://spotifycharts.com/regional/global/daily/2020-09-14/download,2020-09-14
https://spotifycharts.com/regional/global/daily/2020-09-15/download,2020-09-15
https://spotifycharts.com/regional/global/daily/2020-09-16/download,2020-09-16
https://spotifycharts.com/regional/global/daily/2020-09-17/download,2020-09-17
https://spotifycharts.com/regional/global/daily/2020-09-18/download,2020-09-18
https://spotifycharts.com/regional/global/daily/2020-09-19/download,2020-09-19
https://spotifycharts.com/regional/global/daily/2020-09-20/download,2020-09-20
https://spotifycharts.com/regional/global/daily/2020-09-21/download,2020-09-21
https://spotifycharts.com/regional/global/daily/2020-09-22/download,2020-09-22
https://spotifycharts.com/regional/global/daily/2020-09-23/download,2020-09-23
https://spotifycharts.com/regional/global/daily/2020-09-24/download,2020-09-24
https://spotifycharts.com/regional/global/daily/2020-09-25/download,2020-09-25
https://spotifycharts.com/regional/global/daily/2020-09-26/download,2020-09-26
https://spotifycharts.com/regional/global/daily/2020-09-27/download,2020-09-27
https://spotifycharts.com/regional/global/daily/2020-09-28/download,2020-09-28
https://spotifycharts.com/regional/global/daily/2020-09-29/download,2020-09-29
https://spotifycharts.com/regional/global/daily/2020-09-30/download,2020-09-30
https://spotifycharts.com/regional/global/daily/2020-10-01/download,2020-10-01
https://spotifycharts.com/regional/global/daily/2020-10-02/download,2020-10-02
https://spotifycharts.com/regional/global/daily/2020-10-03/download,2020-10-03
https://spotifycharts.com/regional/global/daily/2020-10-04/download,2020-10-04
https://spotifycharts.com/regional/global/daily/2020-10-05/download,2020-10-05
https://spotifycharts.com/regional/global/daily/2020-10-06/download,2020-10-06
https://spotifycharts.com/regional/global/daily/2020-10-07/download,2020-10-07
https://spotifycharts.com/regional/global/daily/2020-10-08/download,2020-10-08
https://spotifycharts.com/regional/global/daily/2020-10-09/download,2020-10-09
https://spotifycharts.com/regional/global/daily/2020-10-10/download,2020-10-10
https://spotifycharts.com/regional/global/daily/2020-10-11/download,2020-10-11
https://spotifycharts.com/regional/global/daily/2020-10-12/download,2020-10-12
https://spotifycharts.com/regional/global/daily/2020-10-13/download,2020-10-13
https://spotifycharts.com/regional/global/daily/2020-10-14/download,2020-10-14
https://spotifycharts.com/regional/global/daily/2020-10-15/download,2020-10-15
https://spotifycharts.com/regional/global/daily/2020-10-16/download,2020-10-16
https://spotifycharts.com/regional/global/daily/2020-10-17/download,2020-10-17
https://spotifycharts.com/regional/global/daily/2020-10-18/download,2020-10-18
https://spotifycharts.com/regional/global/daily/2020-10-19/download,2020-10-19
https://spotifycharts.com/regional/global/daily/2020-10-20/download,2020-10-20
https://spotifycharts.com/regional/global/daily/2020-10-21/download,2020-10-21
https://spotifycharts.com/regional/global/daily/2020-10-22/download,2020-10-22
https://spotifycharts.com/regional/global/daily/2020-10-23/download,2020-10-23
https://spotifycharts.com/regional/global/daily/2020-10-24/download,2020-10-24
https://spotifycharts.com/regional/global/daily/2020-10-25/download,2020-10-25
https://spotifycharts.com/regional/global/daily/2020-10-26/download,2020-10-26
https://spotifycharts.com/regional/global/daily/2020-10-27/download,2020-10-27
https://spotifycharts.com/regional/global/daily/2020-10-28/download,2020-10-28
https://spotifycharts.com/regional/global/daily/2020-10-29/download,2020-10-29
https://spotifycharts.com/regional/global/daily/2020-10-30/download,2020-10-30
https://spotifycharts.com/regional/global/daily/2020-10-31/download,2020-10-31
https://spotifycharts.com/regional/global/daily/2020-11-01/download,2020-11-01
https://spotifycharts.com/regional/global/daily/2020-11-02/download,2020-11-02
https://spotifycharts.com/regional/global/daily/2020-11-03/download,2020-11-03
https://spotifycharts.com/regional/global/daily/2020-11-04/download,2020-11-04
https://spotifycharts.com/regional/global/daily/2020-11-05/download,2020-11-05
https://spotifycharts.com/regional/global/daily/2020-11-06/download,2020-11-06
https://spotifycharts.com/regional/global/daily/2020-11-07/download,2020-11-07
https://spotifycharts.com/regional/global/daily/2020-11-08/download,2020-11-08
https://spotifycharts.com/regional/global/daily/2020-11-09/download,2020-11-09
https://spotifycharts.com/regional/global/daily/2020-11-10/download,2020-11-10
https://spotifycharts.com/regional/global/daily/2020-11-11/download,2020-11-11
https://spotifycharts.com/regional/global/daily/2020-11-12/download,2020-11-12
https://spotifycharts.com/regional/global/daily/2020-11-13/download,2020-11-13
https://spotifycharts.com/regional/global/daily/2020-11-14/download,2020-11-14
https://spotifycharts.com/regional/global/daily/2020-11-15/download,2020-11-15
https://spotifycharts.com/regional/global/daily/2020-11-16/download,2020-11-16
https://spotifycharts.com/regional/global/daily/2020-11-17/download,2020-11-17
https://spotifycharts.com/regional/global/daily/2020-11-18/download,2020-11-18
https://spotifycharts.com/regional/global/daily/2020-11-19/download,2020-11-19
https://spotifycharts.com/regional/global/daily/2020-11-20/download,2020-11-20
https://spotifycharts.com/regional/global/daily/2020-11-21/download,2020-11-21
https://spotifycharts.com/regional/global/daily/2020-11-22/download,2020-11-22
https://spotifycharts.com/regional/global/daily/2020-11-23/download,2020-11-23
https://spotifycharts.com/regional/global/daily/2020-11-24/download,2020-11-24
https://spotifycharts.com/regional/global/daily/2020-11-25/download,2020-11-25
https://spotifycharts.com/regional/global/daily/2020-11-26/download,2020-11-26
https://spotifycharts.com/regional/global/daily/2020-11-27/download,2020-11-27
https://spotifycharts.com/regional/global/daily/2020-11-28/download,2020-11-28
https://spotifycharts.com/regional/global/daily/2020-11-29/download,2020-11-29
https://spotifycharts.com/regional/global/daily/2020-11-30/download,2020-11-30
https://spotifycharts.com/regional/global/daily/2020-12-01/download,2020-12-01
https://spotifycharts.com/regional/global/daily/2020-12-02/download,2020-12-02
https://spotifycharts.com/regional/global/daily/2020-12-03/download,2020-12-03
https://spotifycharts.com/regional/global/daily/2020-12-04/download,2020-12-04
https://spotifycharts.com/regional/global/daily/2020-12-05/download,2020-12-05
https://spotifycharts.com/regional/global/daily/2020-12-06/download,2020-12-06
https://spotifycharts.com/regional/global/daily/2020-12-07/download,2020-12-07
https://spotifycharts.com/regional/global/daily/2020-12-08/download,2020-12-08
https://spotifycharts.com/regional/global/daily/2020-12-09/download,2020-12-09
https://spotifycharts.com/regional/global/daily/2020-12-10/download,2020-12-10
https://spotifycharts.com/regional/global/daily/2020-12-11/download,2020-12-11
https://spotifycharts.com/regional/global/daily/2020-12-12/download,2020-12-12
https://spotifycharts.com/regional/global/daily/2020-12-13/download,2020-12-13
https://spotifycharts.com/regional/global/daily/2020-12-14/download,2020-12-14
https://spotifycharts.com/regional/global/daily/2020-12-15/download,2020-12-15
https://spotifycharts.com/regional/global/daily/2020-12-16/download,2020-12-16
https://spotifycharts.com/regional/global/daily/2020-12-17/download,2020-12-17
https://spotifycharts.com/regional/global/daily/2020-12-18/download,2020-12-18
https://spotifycharts.com/regional/global/daily/2020-12-19/download,2020-12-19
https://spotifycharts.com/regional/global/daily/2020-12-20/download,2020-12-20
https://spotifycharts.com/regional/global/daily/2020-12-21/download,2020-12-21
https://spotifycharts.com/regional/global/daily/2020-12-22/download,2020-12-22
https://spotifycharts.com/regional/global/daily/2020-12-23/download,2020-12-23
https://spotifycharts.com/regional/global/daily/2020-12-24/download,2020-12-24
https://spotifycharts.com/regional/global/daily/2020-12-25/download,2020-12-25
https://spotifycharts.com/regional/global/daily/2020-12-26/download,2020-12-26
https://spotifycharts.com/regional/global/daily/2020-12-27/download,2020-12-27
https://spotifycharts.com/regional/global/daily/2020-12-28/download,2020-12-28
https://spotifycharts.com/regional/global/daily/2020-12-29/download,2020-12-29
https://spotifycharts.com/regional/global/daily/2020-12-30/download,2020-12-30
https://spotifycharts.com/regional/global/daily/2020-12-31/download,2020-12-31
https://spotifycharts.com/regional/global/daily/2021-01-01/download,2021-01-01
https://spotifycharts.com/regional/global/daily/2021-01-02/download,2021-01-02
https://spotifycharts.com/regional/global/daily/2021-01-03/download,2021-01-03
https://spotifycharts.com/regional/global/daily/2020-01-01/download,2021-01-04
https://spotifycharts.com/regional/global/daily/2020-01-02/download,2021-01-05
https://spotifycharts.com/regional/global/daily/2020-01-03/download,2021-01-06
https://spotifycharts.com/regional/global/daily/2020-01-04/download,2021-01-07
https://spotifycharts.com/regional/global/daily/2020-01-05/download,2021-01-08
https://spotifycharts.com/regional/global/daily/2020-01-06/download,2021-01-09
https://spotifycharts.com/regional/global/daily/2020-01-07/download,2021-01-10
https://spotifycharts.com/regional/global/daily/2020-01-08/download,2021-01-11
https://spotifycharts.com/regional/global/daily/2020-01-09/download,2021-01-12
https://spotifycharts.com/regional/global/daily/2020-01-10/download,2021-01-13
https://spotifycharts.com/regional/global/daily/2020-01-11/download,2021-01-14
https://spotifycharts.com/regional/global/daily/2020-01-12/download,2021-01-15
https://spotifycharts.com/regional/global/daily/2020-01-13/download,2021-01-16
https://spotifycharts.com/regional/global/daily/2020-01-14/download,2021-01-17
https://spotifycharts.com/regional/global/daily/2020-01-15/download,2021-01-18
https://spotifycharts.com/regional/global/daily/2020-01-16/download,2021-01-19
https://spotifycharts.com/regional/global/daily/2020-01-17/download,2021-01-20
https://spotifycharts.com/regional/global/daily/2020-01-18/download,2021-01-21
https://spotifycharts.com/regional/global/daily/2020-01-19/download,2021-01-22
https://spotifycharts.com/regional/global/daily/2020-01-20/download,2021-01-23
https://spotifycharts.com/regional/global/daily/2020-01-21/download,2021-01-24
https://spotifycharts.com/regional/global/daily/2020-01-22/download,2021-01-25
https://spotifycharts.com/regional/global/daily/2020-01-23/download,2021-01-26
https://spotifycharts.com/regional/global/daily/2020-01-24/download,2021-01-27
https://spotifycharts.com/regional/global/daily/2020-01-25/download,2021-01-28
https://spotifycharts.com/regional/global/daily/2020-01-26/download,2021-01-29
https://spotifycharts.com/regional/global/daily/2020-01-27/download,2021-01-30
https://spotifycharts.com/regional/global/daily/2020-01-28/download,2021-01-31
https://spotifycharts.com/regional/global/daily/2020-01-29/download,2021-02-01
https://spotifycharts.com/regional/global/daily/2020-01-30/download,2021-02-02
https://spotifycharts.com/regional/global/daily/2020-01-31/download,2021-02-03
https://spotifycharts.com/regional/global/daily/2020-02-01/download,2021-02-04
https://spotifycharts.com/regional/global/daily/2020-02-02/download,2021-02-05
https://spotifycharts.com/regional/global/daily/2020-02-03/download,2021-02-06
https://spotifycharts.com/regional/global/daily/2020-02-04/download,2021-02-07
https://spotifycharts.com/regional/global/daily/2020-02-05/download,2021-02-08
https://spotifycharts.com/regional/global/daily/2020-02-06/download,
https://spotifycharts.com/regional/global/daily/2020-02-07/download,
https://spotifycharts.com/regional/global/daily/2020-02-08/download,
https://spotifycharts.com/regional/global/daily/2020-02-09/download,
https://spotifycharts.com/regional/global/daily/2020-02-10/download,
https://spotifycharts.com/regional/global/daily/2020-02-11/download,
https://spotifycharts.com/regional/global/daily/2020-02-12/download,
https://spotifycharts.com/regional/global/daily/2020-02-13/download,
https://spotifycharts.com/regional/global/daily/2020-02-14/download,
https://spotifycharts.com/regional/global/daily/2020-02-15/download,
https://spotifycharts.com/regional/global/daily/2020-02-16/download,
https://spotifycharts.com/regional/global/daily/2020-02-17/download,
https://spotifycharts.com/regional/global/daily/2020-02-18/download,
https://spotifycharts.com/regional/global/daily/2020-02-19/download,
https://spotifycharts.com/regional/global/daily/2020-02-20/download,
https://spotifycharts.com/regional/global/daily/2020-02-21/download,
https://spotifycharts.com/regional/global/daily/2020-02-22/download,
https://spotifycharts.com/regional/global/daily/2020-02-23/download,
https://spotifycharts.com/regional/global/daily/2020-02-24/download,
https://spotifycharts.com/regional/global/daily/2020-02-25/download,
https://spotifycharts.com/regional/global/daily/2020-02-26/download,
https://spotifycharts.com/regional/global/daily/2020-02-27/download,
https://spotifycharts.com/regional/global/daily/2020-02-28/download,
https://spotifycharts.com/regional/global/daily/2020-02-29/download,
https://spotifycharts.com/regional/global/daily/2020-03-01/download,
https://spotifycharts.com/regional/global/daily/2020-03-02/download,
https://spotifycharts.com/regional/global/daily/2020-03-03/download,
https://spotifycharts.com/regional/global/daily/2020-03-04/download,
https://spotifycharts.com/regional/global/daily/2020-03-05/download,
https://spotifycharts.com/regional/global/daily/2020-03-06/download,
https://spotifycharts.com/regional/global/daily/2020-03-07/download,
https://spotifycharts.com/regional/global/daily/2020-03-08/download,
https://spotifycharts.com/regional/global/daily/2020-03-09/download,
https://spotifycharts.com/regional/global/daily/2020-03-10/download,
https://spotifycharts.com/regional/global/daily/2020-03-11/download,
https://spotifycharts.com/regional/global/daily/2020-03-12/download,
https://spotifycharts.com/regional/global/daily/2020-03-13/download,
https://spotifycharts.com/regional/global/daily/2020-03-14/download,
https://spotifycharts.com/regional/global/daily/2020-03-15/download,
https://spotifycharts.com/regional/global/daily/2020-03-16/download,
https://spotifycharts.com/regional/global/daily/2020-03-17/download,
https://spotifycharts.com/regional/global/daily/2020-03-18/download,
https://spotifycharts.com/regional/global/daily/2020-03-19/download,
https://spotifycharts.com/regional/global/daily/2020-03-20/download,
https://spotifycharts.com/regional/global/daily/2020-03-21/download,
https://spotifycharts.com/regional/global/daily/2020-03-22/download,
https://spotifycharts.com/regional/global/daily/2020-03-23/download,
https://spotifycharts.com/regional/global/daily/2020-03-24/download,
https://spotifycharts.com/regional/global/daily/2020-03-25/download,
https://spotifycharts.com/regional/global/daily/2020-03-26/download,
https://spotifycharts.com/regional/global/daily/2020-03-27/download,
https://spotifycharts.com/regional/global/daily/2020-03-28/download,
https://spotifycharts.com/regional/global/daily/2020-03-29/download,
https://spotifycharts.com/regional/global/daily/2020-03-30/download,
https://spotifycharts.com/regional/global/daily/2020-03-31/download,
https://spotifycharts.com/regional/global/daily/2020-04-01/download,
https://spotifycharts.com/regional/global/daily/2020-04-02/download,
https://spotifycharts.com/regional/global/daily/2020-04-03/download,
https://spotifycharts.com/regional/global/daily/2020-04-04/download,
https://spotifycharts.com/regional/global/daily/2020-04-05/download,
https://spotifycharts.com/regional/global/daily/2020-04-06/download,
https://spotifycharts.com/regional/global/daily/2020-04-07/download,
https://spotifycharts.com/regional/global/daily/2020-04-08/download,
https://spotifycharts.com/regional/global/daily/2020-04-09/download,
https://spotifycharts.com/regional/global/daily/2020-04-10/download,
https://spotifycharts.com/regional/global/daily/2020-04-11/download,
https://spotifycharts.com/regional/global/daily/2020-04-12/download,
https://spotifycharts.com/regional/global/daily/2020-04-13/download,
https://spotifycharts.com/regional/global/daily/2020-04-14/download,
https://spotifycharts.com/regional/global/daily/2020-04-15/download,
https://spotifycharts.com/regional/global/daily/2020-04-16/download,
https://spotifycharts.com/regional/global/daily/2020-04-17/download,
https://spotifycharts.com/regional/global/daily/2020-04-18/download,
https://spotifycharts.com/regional/global/daily/2020-04-19/download,
https://spotifycharts.com/regional/global/daily/2020-04-20/download,
https://spotifycharts.com/regional/global/daily/2020-04-21/download,
https://spotifycharts.com/regional/global/daily/2020-04-22/download,
https://spotifycharts.com/regional/global/daily/2020-04-23/download,
https://spotifycharts.com/regional/global/daily/2020-04-24/download,
https://spotifycharts.com/regional/global/daily/2020-04-25/download,
https://spotifycharts.com/regional/global/daily/2020-04-26/download,
https://spotifycharts.com/regional/global/daily/2020-04-27/download,
https://spotifycharts.com/regional/global/daily/2020-04-28/download,
https://spotifycharts.com/regional/global/daily/2020-04-29/download,
https://spotifycharts.com/regional/global/daily/2020-04-30/download,
https://spotifycharts.com/regional/global/daily/2020-05-01/download,
https://spotifycharts.com/regional/global/daily/2020-05-02/download,
https://spotifycharts.com/regional/global/daily/2020-05-03/download,
https://spotifycharts.com/regional/global/daily/2020-05-04/download,
https://spotifycharts.com/regional/global/daily/2020-05-05/download,
https://spotifycharts.com/regional/global/daily/2020-05-06/download,
https://spotifycharts.com/regional/global/daily/2020-05-07/download,
https://spotifycharts.com/regional/global/daily/2020-05-08/download,
https://spotifycharts.com/regional/global/daily/2020-05-09/download,
https://spotifycharts.com/regional/global/daily/2020-05-10/download,
https://spotifycharts.com/regional/global/daily/2020-05-11/download,
https://spotifycharts.com/regional/global/daily/2020-05-12/download,
https://spotifycharts.com/regional/global/daily/2020-05-13/download,
https://spotifycharts.com/regional/global/daily/2020-05-14/download,
https://spotifycharts.com/regional/global/daily/2020-05-15/download,
https://spotifycharts.com/regional/global/daily/2020-05-16/download,
https://spotifycharts.com/regional/global/daily/2020-05-17/download,
https://spotifycharts.com/regional/global/daily/2020-05-18/download,
https://spotifycharts.com/regional/global/daily/2020-05-19/download,
https://spotifycharts.com/regional/global/daily/2020-05-20/download,
https://spotifycharts.com/regional/global/daily/2020-05-21/download,
https://spotifycharts.com/regional/global/daily/2020-05-22/download,
https://spotifycharts.com/regional/global/daily/2020-05-23/download,
https://spotifycharts.com/regional/global/daily/2020-05-24/download,
https://spotifycharts.com/regional/global/daily/2020-05-25/download,
https://spotifycharts.com/regional/global/daily/2020-05-26/download,
https://spotifycharts.com/regional/global/daily/2020-05-27/download,
https://spotifycharts.com/regional/global/daily/2020-05-28/download,
https://spotifycharts.com/regional/global/daily/2020-05-29/download,
https://spotifycharts.com/regional/global/daily/2020-05-30/download,
https://spotifycharts.com/regional/global/daily/2020-05-31/download,
https://spotifycharts.com/regional/global/daily/2020-06-01/download,
https://spotifycharts.com/regional/global/daily/2020-06-02/download,
https://spotifycharts.com/regional/global/daily/2020-06-03/download,
https://spotifycharts.com/regional/global/daily/2020-06-04/download,
https://spotifycharts.com/regional/global/daily/2020-06-05/download,
https://spotifycharts.com/regional/global/daily/2020-06-06/download,
https://spotifycharts.com/regional/global/daily/2020-06-07/download,
https://spotifycharts.com/regional/global/daily/2020-06-08/download,
https://spotifycharts.com/regional/global/daily/2020-06-09/download,
https://spotifycharts.com/regional/global/daily/2020-06-10/download,
https://spotifycharts.com/regional/global/daily/2020-06-11/download,
https://spotifycharts.com/regional/global/daily/2020-06-12/download,
https://spotifycharts.com/regional/global/daily/2020-06-13/download,
https://spotifycharts.com/regional/global/daily/2020-06-14/download,
https://spotifycharts.com/regional/global/daily/2020-06-15/download,
https://spotifycharts.com/regional/global/daily/2020-06-16/download,
https://spotifycharts.com/regional/global/daily/2020-06-17/download,
https://spotifycharts.com/regional/global/daily/2020-06-18/download,
https://spotifycharts.com/regional/global/daily/2020-06-19/download,
https://spotifycharts.com/regional/global/daily/2020-06-20/download,
https://spotifycharts.com/regional/global/daily/2020-06-21/download,
https://spotifycharts.com/regional/global/daily/2020-06-22/download,
https://spotifycharts.com/regional/global/daily/2020-06-23/download,
https://spotifycharts.com/regional/global/daily/2020-06-24/download,
https://spotifycharts.com/regional/global/daily/2020-06-25/download,
https://spotifycharts.com/regional/global/daily/2020-06-26/download,
https://spotifycharts.com/regional/global/daily/2020-06-27/download,
https://spotifycharts.com/regional/global/daily/2020-06-28/download,
https://spotifycharts.com/regional/global/daily/2020-06-29/download,
https://spotifycharts.com/regional/global/daily/2020-06-30/download,
https://spotifycharts.com/regional/global/daily/2020-07-01/download,
https://spotifycharts.com/regional/global/daily/2020-07-02/download,
https://spotifycharts.com/regional/global/daily/2020-07-03/download,
https://spotifycharts.com/regional/global/daily/2020-07-04/download,
https://spotifycharts.com/regional/global/daily/2020-07-05/download,
https://spotifycharts.com/regional/global/daily/2020-07-06/download,
https://spotifycharts.com/regional/global/daily/2020-07-07/download,
https://spotifycharts.com/regional/global/daily/2020-07-08/download,
https://spotifycharts.com/regional/global/daily/2020-07-09/download,
https://spotifycharts.com/regional/global/daily/2020-07-10/download,
https://spotifycharts.com/regional/global/daily/2020-07-11/download,
https://spotifycharts.com/regional/global/daily/2020-07-12/download,
https://spotifycharts.com/regional/global/daily/2020-07-13/download,
https://spotifycharts.com/regional/global/daily/2020-07-14/download,
https://spotifycharts.com/regional/global/daily/2020-07-15/download,
https://spotifycharts.com/regional/global/daily/2020-07-16/download,
https://spotifycharts.com/regional/global/daily/2020-07-17/download,
https://spotifycharts.com/regional/global/daily/2020-07-18/download,
https://spotifycharts.com/regional/global/daily/2020-07-19/download,
https://spotifycharts.com/regional/global/daily/2020-07-20/download,
https://spotifycharts.com/regional/global/daily/2020-07-21/download,
https://spotifycharts.com/regional/global/daily/2020-07-22/download,
https://spotifycharts.com/regional/global/daily/2020-07-23/download,
https://spotifycharts.com/regional/global/daily/2020-07-24/download,
https://spotifycharts.com/regional/global/daily/2020-07-25/download,
https://spotifycharts.com/regional/global/daily/2020-07-26/download,
https://spotifycharts.com/regional/global/daily/2020-07-27/download,
https://spotifycharts.com/regional/global/daily/2020-07-28/download,
https://spotifycharts.com/regional/global/daily/2020-07-29/download,
https://spotifycharts.com/regional/global/daily/2020-07-30/download,
https://spotifycharts.com/regional/global/daily/2020-07-31/download,
https://spotifycharts.com/regional/global/daily/2020-08-01/download,
https://spotifycharts.com/regional/global/daily/2020-08-02/download,
https://spotifycharts.com/regional/global/daily/2020-08-03/download,
https://spotifycharts.com/regional/global/daily/2020-08-04/download,
https://spotifycharts.com/regional/global/daily/2020-08-05/download,
https://spotifycharts.com/regional/global/daily/2020-08-06/download,
https://spotifycharts.com/regional/global/daily/2020-08-07/download,
https://spotifycharts.com/regional/global/daily/2020-08-08/download,
https://spotifycharts.com/regional/global/daily/2020-08-09/download,
https://spotifycharts.com/regional/global/daily/2020-08-10/download,
https://spotifycharts.com/regional/global/daily/2020-08-11/download,
https://spotifycharts.com/regional/global/daily/2020-08-12/download,
https://spotifycharts.com/regional/global/daily/2020-08-13/download,
https://spotifycharts.com/regional/global/daily/2020-08-14/download,
https://spotifycharts.com/regional/global/daily/2020-08-15/download,
https://spotifycharts.com/regional/global/daily/2020-08-16/download,
https://spotifycharts.com/regional/global/daily/2020-08-17/download,
https://spotifycharts.com/regional/global/daily/2020-08-18/download,
https://spotifycharts.com/regional/global/daily/2020-08-19/download,
https://spotifycharts.com/regional/global/daily/2020-08-20/download,
https://spotifycharts.com/regional/global/daily/2020-08-21/download,
https://spotifycharts.com/regional/global/daily/2020-08-22/download,
https://spotifycharts.com/regional/global/daily/2020-08-23/download,
https://spotifycharts.com/regional/global/daily/2020-08-24/download,
https://spotifycharts.com/regional/global/daily/2020-08-25/download,
https://spotifycharts.com/regional/global/daily/2020-08-26/download,
https://spotifycharts.com/regional/global/daily/2020-08-27/download,
https://spotifycharts.com/regional/global/daily/2020-08-28/download,
https://spotifycharts.com/regional/global/daily/2020-08-29/download,
https://spotifycharts.com/regional/global/daily/2020-08-30/download,
https://spotifycharts.com/regional/global/daily/2020-08-31/download,
https://spotifycharts.com/regional/global/daily/2020-09-01/download,
https://spotifycharts.com/regional/global/daily/2020-09-02/download,
https://spotifycharts.com/regional/global/daily/2020-09-03/download,
https://spotifycharts.com/regional/global/daily/2020-09-04/download,
https://spotifycharts.com/regional/global/daily/2020-09-05/download,
https://spotifycharts.com/regional/global/daily/2020-09-06/download,
https://spotifycharts.com/regional/global/daily/2020-09-07/download,
https://spotifycharts.com/regional/global/daily/2020-09-08/download,
https://spotifycharts.com/regional/global/daily/2020-09-09/download,
https://spotifycharts.com/regional/global/daily/2020-09-10/download,
https://spotifycharts.com/regional/global/daily/2020-09-11/download,
https://spotifycharts.com/regional/global/daily/2020-09-12/download,
https://spotifycharts.com/regional/global/daily/2020-09-13/download,
https://spotifycharts.com/regional/global/daily/2020-09-14/download,
https://spotifycharts.com/regional/global/daily/2020-09-15/download,
https://spotifycharts.com/regional/global/daily/2020-09-16/download,
https://spotifycharts.com/regional/global/daily/2020-09-17/download,
https://spotifycharts.com/regional/global/daily/2020-09-18/download,
https://spotifycharts.com/regional/global/daily/2020-09-19/download,
https://spotifycharts.com/regional/global/daily/2020-09-20/download,
https://spotifycharts.com/regional/global/daily/2020-09-21/download,
https://spotifycharts.com/regional/global/daily/2020-09-22/download,
https://spotifycharts.com/regional/global/daily/2020-09-23/download,
https://spotifycharts.com/regional/global/daily/2020-09-24/download,
https://spotifycharts.com/regional/global/daily/2020-09-25/download,
https://spotifycharts.com/regional/global/daily/2020-09-26/download,
https://spotifycharts.com/regional/global/daily/2020-09-27/download,
https://spotifycharts.com/regional/global/daily/2020-09-28/download,
https://spotifycharts.com/regional/global/daily/2020-09-29/download,
https://spotifycharts.com/regional/global/daily/2020-09-30/download,
https://spotifycharts.com/regional/global/daily/2020-10-01/download,
https://spotifycharts.com/regional/global/daily/2020-10-02/download,
https://spotifycharts.com/regional/global/daily/2020-10-03/download,
https://spotifycharts.com/regional/global/daily/2020-10-04/download,
https://spotifycharts.com/regional/global/daily/2020-10-05/download,
https://spotifycharts.com/regional/global/daily/2020-10-06/download,
https://spotifycharts.com/regional/global/daily/2020-10-07/download,
https://spotifycharts.com/regional/global/daily/2020-10-08/download,
https://spotifycharts.com/regional/global/daily/2020-10-09/download,
https://spotifycharts.com/regional/global/daily/2020-10-10/download,
https://spotifycharts.com/regional/global/daily/2020-10-11/download,
https://spotifycharts.com/regional/global/daily/2020-10-12/download,
https://spotifycharts.com/regional/global/daily/2020-10-13/download,
https://spotifycharts.com/regional/global/daily/2020-10-14/download,
https://spotifycharts.com/regional/global/daily/2020-10-15/download,
https://spotifycharts.com/regional/global/daily/2020-10-16/download,
https://spotifycharts.com/regional/global/daily/2020-10-17/download,
https://spotifycharts.com/regional/global/daily/2020-10-18/download,
https://spotifycharts.com/regional/global/daily/2020-10-19/download,
https://spotifycharts.com/regional/global/daily/2020-10-20/download,
https://spotifycharts.com/regional/global/daily/2020-10-21/download,
https://spotifycharts.com/regional/global/daily/2020-10-22/download,
https://spotifycharts.com/regional/global/daily/2020-10-23/download,
https://spotifycharts.com/regional/global/daily/2020-10-24/download,
https://spotifycharts.com/regional/global/daily/2020-10-25/download,
https://spotifycharts.com/regional/global/daily/2020-10-26/download,
https://spotifycharts.com/regional/global/daily/2020-10-27/download,
https://spotifycharts.com/regional/global/daily/2020-10-28/download,
https://spotifycharts.com/regional/global/daily/2020-10-29/download,
https://spotifycharts.com/regional/global/daily/2020-10-30/download,
https://spotifycharts.com/regional/global/daily/2020-10-31/download,
https://spotifycharts.com/regional/global/daily/2020-11-01/download,
https://spotifycharts.com/regional/global/daily/2020-11-02/download,
https://spotifycharts.com/regional/global/daily/2020-11-03/download,
https://spotifycharts.com/regional/global/daily/2020-11-04/download,
https://spotifycharts.com/regional/global/daily/2020-11-05/download,
https://spotifycharts.com/regional/global/daily/2020-11-06/download,
https://spotifycharts.com/regional/global/daily/2020-11-07/download,
https://spotifycharts.com/regional/global/daily/2020-11-08/download,
https://spotifycharts.com/regional/global/daily/2020-11-09/download,
https://spotifycharts.com/regional/global/daily/2020-11-10/download,
https://spotifycharts.com/regional/global/daily/2020-11-11/download,
https://spotifycharts.com/regional/global/daily/2020-11-12/download,
https://spotifycharts.com/regional/global/daily/2020-11-13/download,
https://spotifycharts.com/regional/global/daily/2020-11-14/download,
https://spotifycharts.com/regional/global/daily/2020-11-15/download,
https://spotifycharts.com/regional/global/daily/2020-11-16/download,
https://spotifycharts.com/regional/global/daily/2020-11-17/download,
https://spotifycharts.com/regional/global/daily/2020-11-18/download,
https://spotifycharts.com/regional/global/daily/2020-11-19/download,
https://spotifycharts.com/regional/global/daily/2020-11-20/download,
https://spotifycharts.com/regional/global/daily/2020-11-21/download,
https://spotifycharts.com/regional/global/daily/2020-11-22/download,
https://spotifycharts.com/regional/global/daily/2020-11-23/download,
https://spotifycharts.com/regional/global/daily/2020-11-24/download,
https://spotifycharts.com/regional/global/daily/2020-11-25/download,
https://spotifycharts.com/regional/global/daily/2020-11-26/download,
https://spotifycharts.com/regional/global/daily/2020-11-27/download,
https://spotifycharts.com/regional/global/daily/2020-11-28/download,
https://spotifycharts.com/regional/global/daily/2020-11-29/download,
https://spotifycharts.com/regional/global/daily/2020-11-30/download,
https://spotifycharts.com/regional/global/daily/2020-12-01/download,
https://spotifycharts.com/regional/global/daily/2020-12-02/download,
https://spotifycharts.com/regional/global/daily/2020-12-03/download,
https://spotifycharts.com/regional/global/daily/2020-12-04/download,
https://spotifycharts.com/regional/global/daily/2020-12-05/download,
https://spotifycharts.com/regional/global/daily/2020-12-06/download,
https://spotifycharts.com/regional/global/daily/2020-12-07/download,
https://spotifycharts.com/regional/global/daily/2020-12-08/download,
https://spotifycharts.com/regional/global/daily/2020-12-09/download,
https://spotifycharts.com/regional/global/daily/2020-12-10/download,
https://spotifycharts.com/regional/global/daily/2020-12-11/download,
https://spotifycharts.com/regional/global/daily/2020-12-12/download,
https://spotifycharts.com/regional/global/daily/2020-12-13/download,
https://spotifycharts.com/regional/global/daily/2020-12-14/download,
https://spotifycharts.com/regional/global/daily/2020-12-15/download,
https://spotifycharts.com/regional/global/daily/2020-12-16/download,
https://spotifycharts.com/regional/global/daily/2020-12-17/download,
https://spotifycharts.com/regional/global/daily/2020-12-18/download,
https://spotifycharts.com/regional/global/daily/2020-12-19/download,
https://spotifycharts.com/regional/global/daily/2020-12-20/download,
https://spotifycharts.com/regional/global/daily/2020-12-21/download,
https://spotifycharts.com/regional/global/daily/2020-12-22/download,
https://spotifycharts.com/regional/global/daily/2020-12-23/download,
https://spotifycharts.com/regional/global/daily/2020-12-24/download,
https://spotifycharts.com/regional/global/daily/2020-12-25/download,
https://spotifycharts.com/regional/global/daily/2020-12-26/download,
https://spotifycharts.com/regional/global/daily/2020-12-27/download,
https://spotifycharts.com/regional/global/daily/2020-12-28/download,
https://spotifycharts.com/regional/global/daily/2020-12-29/download,
https://spotifycharts.com/regional/global/daily/2020-12-30/download,
https://spotifycharts.com/regional/global/daily/2020-12-31/download,
https://spotifycharts.com/regional/global/daily/2021-01-01/download,
https://spotifycharts.com/regional/global/daily/2021-01-02/download,
https://spotifycharts.com/regional/global/daily/2021-01-03/download,
https://spotifycharts.com/regional/global/daily/2021-01-04/download,
https://spotifycharts.com/regional/global/daily/2021-01-05/download,
https://spotifycharts.com/regional/global/daily/2021-01-06/download,
https://spotifycharts.com/regional/global/daily/2021-01-07/download,
https://spotifycharts.com/regional/global/daily/2021-01-08/download,
https://spotifycharts.com/regional/global/daily/2021-01-09/download,
https://spotifycharts.com/regional/global/daily/2021-01-10/download,
https://spotifycharts.com/regional/global/daily/2021-01-11/download,
https://spotifycharts.com/regional/global/daily/2021-01-12/download,
https://spotifycharts.com/regional/global/daily/2021-01-13/download,
https://spotifycharts.com/regional/global/daily/2021-01-14/download,
https://spotifycharts.com/regional/global/daily/2021-01-15/download,
https://spotifycharts.com/regional/global/daily/2021-01-16/download,
https://spotifycharts.com/regional/global/daily/2021-01-17/download,
https://spotifycharts.com/regional/global/daily/2021-01-18/download,
https://spotifycharts.com/regional/global/daily/2021-01-19/download,
https://spotifycharts.com/regional/global/daily/2021-01-20/download,
https://spotifycharts.com/regional/global/daily/2021-01-21/download,
https://spotifycharts.com/regional/global/daily/2021-01-22/download,
https://spotifycharts.com/regional/global/daily/2021-01-23/download,
https://spotifycharts.com/regional/global/daily/2021-01-24/download,
https://spotifycharts.com/regional/global/daily/2021-01-25/download,
https://spotifycharts.com/regional/global/daily/2021-01-26/download,
https://spotifycharts.com/regional/global/daily/2021-01-27/download,
https://spotifycharts.com/regional/global/daily/2021-01-28/download,
https://spotifycharts.com/regional/global/daily/2021-01-29/download,
https://spotifycharts.com/regional/global/daily/2021-01-30/download,
https://spotifycharts.com/regional/global/daily/2021-01-31/download,
https://spotifycharts.com/regional/global/daily/2021-02-01/download,
https://spotifycharts.com/regional/global/daily/2021-02-02/download,
https://spotifycharts.com/regional/global/daily/2021-02-03/download,
https://spotifycharts.com/regional/global/daily/2021-02-04/download,
https://spotifycharts.com/regional/global/daily/2021-02-05/download,
https://spotifycharts.com/regional/global/daily/2021-02-06/download,
https://spotifycharts.com/regional/global/daily/2021-02-07/download,
https://spotifycharts.com/regional/global/daily/2021-02-08/download,